insert into research_work.faculty_staff  (
    professor_id
    , name
    , login
    , password
    , department_id
    , birthday_dt
    , staff_job
    , dissertation_year
    , dissertation_subject
    , scientific_speciality_key
    , dissertation_type
    , academic_rank
    , academic_rank_year
    , candidate_of_science_diploma
    , associate_professor_certificate
    , last_modified_dt)
values (
    2231
    , 'Иванов Владимир Борисович'
    , '2231Ivanov'
    , '2231Ivanov12345'
    , 223
    , '1954-10-14'
    , 1
    , 1998
    , 'Физические основы моделирования электронных систем'
    , '01.04.04'
    , 1
    , 1
    , 2007
    , 'ФМ 034065'
    , 'ДЦ 037766'
    , '2020-09-20'
);

insert into research_work.faculty_staff  (
    professor_id
    , name
    , login
    , password
    , department_id
    , birthday_dt
    , staff_job
    , dissertation_year
    , dissertation_subject
    , scientific_speciality_key
    , dissertation_type
    , academic_rank
    , candidate_of_science_diploma
    , last_modified_dt)
values (
    2232
    , 'Петров Евгений Александрович'
    , '2232Petrov'
    , '2232Petrov12345'
    , 223
    , '1957-03-02'
    , 1
    , 2003
    , 'Преподавание информатики в школе'
    , '13.00.02'
    , 1
    , 0
    , 'КТ 148515'
    , '2020-09-20'
);

insert into research_work.faculty_staff  (
    professor_id
    , name
    , login
    , password
    , department_id
    , birthday_dt
    , staff_job
    , dissertation_year
    , dissertation_subject
    , scientific_speciality_key
    , dissertation_type
    , academic_rank
    , academic_rank_year
    , candidate_of_science_diploma
    , associate_professor_certificate
    , last_modified_dt)
values (
    2233
    , 'Васильев Михаил Анисимович'
    , '2233Vasiliev'
    , '2233Vas12345'
    , 223
    , '1959-11-15'
    , 1
    , 2003
    , 'Использование технических средств обучения в средней школе'
    , '13.00.02'
    , 1
    , 1
    , 2012
    , 'КТ 138362'
    , 'ДЦ 005563'
    , '2020-09-20'
);

insert into research_work.faculty_staff  (
    professor_id
    , name
    , login
    , password
    , department_id
    , birthday_dt
    , staff_job
    , dissertation_year
    , dissertation_subject
    , scientific_speciality_key
    , dissertation_type
    , academic_rank
    , academic_rank_year
    , candidate_of_science_diploma
    , associate_professor_certificate
    , last_modified_dt)
values (
    2234
    , 'Смирнова Елена Ивановна'
    , '2234Smirnova'
    , '2234Sm12345'
    , 223
    , '1970-05-22'
    , 1
    , 2007
    , 'Использование информационных технологий в средней школе'
    , '13.00.02'
    , 1
    , 1
    , 2013
    , 'ДКН 052594'
    , 'ДЦ 049872'
    , '2020-09-20'
);

insert into research_work.faculty_staff  (
    professor_id
    , name
    , login
    , password
    , department_id
    , birthday_dt
    , staff_job
    , dissertation_year
    , dissertation_subject
    , scientific_speciality_key
    , dissertation_type
    , academic_rank
    , academic_rank_year
    , candidate_of_science_diploma
    , doctor_of_science_diploma
    , associate_professor_certificate
    , last_modified_dt)
values (
    2235
    , 'Морозов Святослав Евгеньевич'
    , '2235Morozov'
    , '2235Mor12345'
    , 223
    , '1947-10-27'
    , 1
    , 2003
    , 'Решение краевых задач в цилиндрах с двухслойным пленочным включением'
    , '01.01.02'
    , 2
    , 1
    , 2013
    , 'КТ 072593'
    , 'ДК 000291'
    , 'ДЦ  072358'
    , '2020-09-20'
);

insert into research_work.faculty_staff  (
    professor_id
    , name
    , login
    , password
    , department_id
    , birthday_dt
    , staff_job
    , dissertation_year
    , dissertation_subject
    , scientific_speciality_key
    , dissertation_type
    , academic_rank
    , candidate_of_science_diploma
    , last_modified_dt)
values (
    2236
    , 'Григорьева Татьяна Александровна'
    , '2236Grig'
    , '2236Gr12345'
    , 223
    , '1975-11-07'
    , 1
    , 2007
    , 'Использование кейсов при преподавании информатики в школе'
    , '13.00.02'
    , 1
    , 0
    , 'ДКН 050042'
    , '2020-09-20'
);

insert into research_work.faculty_staff  (
    professor_id
    , name
    , login
    , password
    , department_id
    , birthday_dt
    , staff_job
    , dissertation_year
    , dissertation_subject
    , scientific_speciality_key
    , dissertation_type
    , academic_rank
    , candidate_of_science_diploma
    , last_modified_dt)
values (
    2237
    , 'Сидорова Анастасия Михайловна'
    , '2237Sid'
    , '2237Sid12345'
    , 223
    , '1983-06-01'
    , 1
    , 2007
    , 'Интернет технологии в преподавании информатики в школе'
    , '13.00.02'
    , 1
    , 0
    , 'ДКН 095998'
    , '2020-09-20'
);

insert into research_work.faculty_staff  (
    professor_id
    , name
    , login
    , password
    , department_id
    , birthday_dt
    , staff_job
    , academic_rank
    , last_modified_dt)
values (
    2238
    , 'Федоров Алексей Михайлович'
    , '2238Fedorov'
    , '2238Fed12345'
    , 223
    , '1962-01-18'
    , 1
    , 0
    , '2020-09-20'
);

insert into research_work.faculty_staff  (
    professor_id
    , name
    , login
    , password
    , department_id
    , birthday_dt
    , staff_job
    , academic_rank
    , last_modified_dt)
values (
    2239
    , 'Васечкин Игорь Сергеевич'
    , '2239Vas'
    , '2239Vas12345'
    , 223
    , '1973-02-19'
    , 1
    , 0
    , '2020-09-20'
);

insert into research_work.faculty_staff  (
    professor_id
    , name
    , login
    , password
    , department_id
    , birthday_dt
    , staff_job
    , academic_rank
    , last_modified_dt)
values (
    22310
    , 'Максимов Сергей Геннадьевич'
    , '22310Max'
    , '22310Max12345'
    , 223
    , '1984-07-21'
    , 1
    , 0
    , '2020-09-20'
);

insert into research_work.faculty_staff  (
    professor_id
    , name
    , login
    , password
    , department_id
    , birthday_dt
    , staff_job
    , academic_rank
    , last_modified_dt)
values (
    22311
    , 'Сергеева Ирина Викторовна'
    , '22311Serg'
    , '22311Serg12345'
    , 223
    , '1981-03-25'
    , 1
    , 0
    , '2020-09-20'
);

insert into research_work.faculty_staff  (
    professor_id
    , name
    , login
    , password
    , department_id
    , birthday_dt
    , staff_job
    , academic_rank
    , last_modified_dt)
values (
    22312
    , 'Астафьева Марина Сергеевна'
    , '22312Ast'
    , '22312Ast12345'
    , 223
    , '1973-08-21'
    , 1
    , 0
    , '2020-09-20'
);

insert into research_work.department (
    department_id
    , department
    , faculty
    , research_work_id
    , last_modified_dt)
values (
    223
    , 'Кафедра математики и информатики'
    , 'Факультет естественных наук, математики и технологий'
    , 1301
    , '2020-09-20'
);

insert into research_work.department (
    department_id
    , department
    , faculty
    , research_work_id
    , last_modified_dt)
values (
    223
    , 'Кафедра математики и информатики'
    , 'Факультет естественных наук, математики и технологий'
    , 1302
    , '2020-09-20'
);

insert into research_work.department (
    department_id
    , department
    , faculty
    , research_work_id
    , last_modified_dt)
values (
    223
    , 'Кафедра математики и информатики'
    , 'Факультет естественных наук, математики и технологий'
    , 1303
    , '2020-09-20'
);

insert into research_work.department (
    department_id
    , department
    , faculty
    , research_work_id
    , last_modified_dt)
values (
    223
    , 'Кафедра математики и информатики'
    , 'Факультет естественных наук, математики и технологий'
    , 1304
    , '2020-09-20'
);

insert into research_work.department (
    department_id
    , department
    , faculty
    , research_work_id
    , last_modified_dt)
values (
    223
    , 'Кафедра математики и информатики'
    , 'Факультет естественных наук, математики и технологий'
    , 1305
    , '2020-09-20'
);

insert into research_work.department (
    department_id
    , department
    , faculty
    , research_work_id
    , last_modified_dt)
values (
    223
    , 'Кафедра математики и информатики'
    , 'Факультет естественных наук, математики и технологий'
    , 101
    , '2020-09-20'
);

insert into research_work.department (
    department_id
    , department
    , faculty
    , research_work_id
    , last_modified_dt)
values (
    223
    , 'Кафедра математики и информатики'
    , 'Факультет естественных наук, математики и технологий'
    , 102
    , '2020-09-20'
);

insert into research_work.department (
    department_id
    , department
    , faculty
    , research_work_id
    , last_modified_dt)
values (
    223
    , 'Кафедра математики и информатики'
    , 'Факультет естественных наук, математики и технологий'
    , 103
    , '2020-09-20'
);

insert into research_work.job_faculty_staff (
    professor_id
    , occupation
    , department_id
    , job_start_dt
    , last_modified_dt
)
values (
    2231
    , 'Доцент'
    , 223
    , '1979-09-01'
    , '2020-09-20'
);

insert into research_work.job_faculty_staff (
    professor_id
    , occupation
    , department_id
    , job_start_dt
    , last_modified_dt
)
values (
    2232
    , 'Доцент'
    , 223
    , '1986-08-31'
    , '2020-09-20'
);

insert into research_work.job_faculty_staff (
    professor_id
    , occupation
    , department_id
    , job_start_dt
    , last_modified_dt
)
values (
    2233
    , 'Доцент'
    , 223
    , '1981-09-01'
    , '2020-09-20'
);

insert into research_work.job_faculty_staff (
    professor_id
    , occupation
    , department_id
    , job_start_dt
    , last_modified_dt
)
values (
    2234
    , 'Доцент'
    , 223
    , '1997-08-31'
    , '2020-09-20'
);

insert into research_work.job_faculty_staff (
    professor_id
    , occupation
    , department_id
    , job_start_dt
    , last_modified_dt
)
values (
    2235
    , 'Профессор'
    , 223
    , '1973-09-01'
    , '2020-09-20'
);

insert into research_work.job_faculty_staff (
    professor_id
    , occupation
    , department_id
    , job_start_dt
    , last_modified_dt
)
values (
    2236
    , 'Доцент'
    , 223
    , '1999-09-01'
    , '2020-09-20'
);

insert into research_work.job_faculty_staff (
    professor_id
    , occupation
    , department_id
    , job_start_dt
    , last_modified_dt
)
values (
    2237
    , 'Доцент'
    , 223
    , '2005-09-01'
    , '2020-09-20'
);

insert into research_work.job_faculty_staff (
    professor_id
    , occupation
    , department_id
    , job_start_dt
    , last_modified_dt
)
values (
    2238
    , 'Старший преподаватель'
    , 223
    , '1997-08-31'
    , '2020-09-20'
);

insert into research_work.job_faculty_staff (
    professor_id
    , occupation
    , department_id
    , job_start_dt
    , last_modified_dt
)
values (
    2239
    , 'Старший преподаватель'
    , 223
    , '1996-08-31'
    , '2020-09-20'
);

insert into research_work.job_faculty_staff (
    professor_id
    , occupation
    , department_id
    , job_start_dt
    , last_modified_dt
)
values (
    22310
    , 'Старший преподаватель'
    , 223
    , '2010-09-01'
    , '2020-09-20'
);

insert into research_work.job_faculty_staff (
    professor_id
    , occupation
    , department_id
    , job_start_dt
    , last_modified_dt
)
values (
    22311
    , 'Старший преподаватель'
    , 223
    , '2005-09-01'
    , '2020-09-20'
);

insert into research_work.job_faculty_staff (
    professor_id
    , occupation
    , department_id
    , job_start_dt
    , last_modified_dt
)
values (
    22312
    , 'Старший преподаватель'
    , 223
    , '1999-09-01'
    , '2020-09-20'
);

insert into research_work.research_work (
    research_work_id
    , professor_id
    , research_project
    , kind_of_research_project
    , kind_of_research_grant
    , research_project_number
    , research_project_start_dt
    , research_project_end_dt
    , funding_amt
    , funding
    , last_modified_dt
)
values (
    101
    , 2235
    , 'Решение задачи Дирихле в кусочно-однородной полосе с пленочным включением'
    , 2
    , 1
    , 'Вн_01_289'
    , '2019-01-01'
    , '2021-12-31'
    , 300000
    , 'Внутреннее финансирование'
    , '2020-09-20'
);

insert into research_work.research_work (
    research_work_id
    , professor_id
    , research_project
    , kind_of_research_project
    , kind_of_research_grant
    , research_project_number
    , research_project_start_dt
    , research_project_end_dt
    , funding_amt
    , funding
    , last_modified_dt
)
values (
    102
    , 2235
    , 'Решение дифференциальных уравнений с условиями сопряжения типа трещины на двух параллельных плоскостях'
    , 1
    , 2
    , 'РГНФ_01_289'
    , '2019-01-01'
    , '2022-12-31'
    , 500000
    , 'РГНФ'
    , '2020-09-20'
);

insert into research_work.research_work (
    research_work_id
    , professor_id
    , research_project
    , kind_of_research_project
    , kind_of_research_grant
    , research_project_number
    , research_project_start_dt
    , research_project_end_dt
    , funding_amt
    , funding
    , last_modified_dt
)
values (
    103
    , 2235
    , 'Решение краевых задач для уравнения Лапласа на кусочно-однородной плоскости с параболической трещиной (завесой)'
    , 1
    , 2
    , 'РФФИ_01_789'
    , '2018-01-01'
    , '2020-12-31'
    , 500000
    , 'РФФИ'
    , '2020-09-20'
);

insert into research_work.research_work (
    research_work_id
    , professor_id
    , research_project
    , kind_of_research_project
    , kind_of_research_grant
    , research_project_number
    , research_project_start_dt
    , research_project_end_dt
    , funding_amt
    , funding
    , last_modified_dt
)
values (
    1301
    , 2237
    , 'Развитие у школьников конструктивного компонента умственной деятельности в области геометрии'
    , 1
    , 1
    , 'Вн_13_173'
    , '2019-01-01'
    , '2020-12-31'
    , 150000
    , 'Внутреннее финансирование'
    , '2020-09-20'
);

insert into research_work.research_work (
    research_work_id
    , professor_id
    , research_project
    , kind_of_research_project
    , kind_of_research_grant
    , research_project_number
    , research_project_start_dt
    , research_project_end_dt
    , funding_amt
    , funding
    , last_modified_dt
)
values (
    1302
    , 2237
    , 'Решение контекстных задач по математическому анализу'
    , 1
    , 1
    , 'Вн_13_321'
    , '2019-01-01'
    , '2021-12-31'
    , 200000
    , 'Внутреннее финансирование'
    , '2020-09-20'
);

insert into research_work.research_work (
    research_work_id
    , professor_id
    , research_project
    , kind_of_research_project
    , kind_of_research_grant
    , research_project_number
    , research_project_start_dt
    , research_project_end_dt
    , funding_amt
    , funding
    , last_modified_dt
)
values (
    1303
    , 2237
    , 'Элементы теории игр в подготовке обучающихся к будущей профессиональной деятельности'
    , 1
    , 1
    , 'Вн_13_328'
    , '2019-01-01'
    , '2021-12-31'
    , 200000
    , 'Внутреннее финансирование'
    , '2020-09-20'
);

insert into research_work.research_work (
    research_work_id
    , professor_id
    , research_project
    , kind_of_research_project
    , kind_of_research_grant
    , research_project_number
    , research_project_start_dt
    , research_project_end_dt
    , funding_amt
    , funding
    , last_modified_dt
)
values (
    1304
    , 2236
    , 'Модернизация математического образования'
    , 1
    , 1
    , 'Вн_13_372'
    , '2019-01-01'
    , '2021-12-31'
    , 200000
    , 'Внутреннее финансирование'
    , '2020-09-20'
);

insert into research_work.research_work (
    research_work_id
    , professor_id
    , research_project
    , kind_of_research_project
    , kind_of_research_grant
    , research_project_number
    , research_project_start_dt
    , research_project_end_dt
    , funding_amt
    , funding
    , last_modified_dt
)
values (
    1305
    , 2236
    , 'Обобщение и систематизация школьного курса математики'
    , 1
    , 1
    , 'Вн_13_502'
    , '2020-01-01'
    , '2021-12-31'
    , 150000
    , 'Внутреннее финансирование'
    , '2020-09-20'
);

insert into research_work.research_work_x_faculty_staff (
    research_work_id
    , professor_id
    , research_activity
    , last_modified_dt
)
values (
    101
    , 2235
    , 1
    , '2020-09-20'
);

insert into research_work.research_work_x_faculty_staff (
    research_work_id
    , professor_id
    , research_activity
    , last_modified_dt
)
values (
    102
    , 2235
    , 2
    , '2020-09-20'
);

insert into research_work.research_work_x_faculty_staff (
    research_work_id
    , professor_id
    , research_activity
    , last_modified_dt
)
values (
    103
    , 2235
    , 2
    , '2020-09-20'
);

insert into research_work.research_work_x_faculty_staff (
    research_work_id
    , professor_id
    , research_activity
    , last_modified_dt
)
values (
    1301
    , 2237
    , 1
    , '2020-09-20'
);

insert into research_work.research_work_x_faculty_staff (
    research_work_id
    , professor_id
    , research_activity
    , last_modified_dt
)
values (
    1302
    , 2237
    , 1
    , '2020-09-20'
);

insert into research_work.research_work_x_faculty_staff (
    research_work_id
    , professor_id
    , research_activity
    , last_modified_dt
)
values (
    1303
    , 2237
    , 1
    , '2020-09-20'
);

insert into research_work.research_work_x_faculty_staff (
    research_work_id
    , professor_id
    , research_activity
    , last_modified_dt
)
values (
    1304
    , 2236
    , 1
    , '2020-09-20'
);

insert into research_work.research_work_x_faculty_staff (
    research_work_id
    , professor_id
    , research_activity
    , last_modified_dt
)
values (
    1305
    , 2236
    , 1
    , '2020-09-20'
);

insert into research_work.scientific_research_work_of_students  (
    srws_id
    , professor_id
    , student_research_project
    , research_project_desc
    , student_nm
    , student_group_number
    , student_research_project_start_dt
    , student_research_project_end_dt
    , student_research_project_place
    , student_publication_title
    , coauthor_nm
    , last_modified_dt
)
values (
    3118
    , 2231
    , 'Элементы проектирования электронных устройств'
    , 'Работа над проектированием электронных устройств'
    , 'Крылатов Александр Алексеевич'
    , 'ИФ-17'
    , '2019-10-01'
    , '2020-05-20'
    , 'СКБ Квантор'
    , 'Проектированием электронных устройств студентами педагогических специальностей'
    , 'Тихоньких Вячеслав Алексеевич'
    , '2020-09-20'
);

insert into research_work.scientific_research_work_of_students  (
    srws_id
    , professor_id
    , student_research_project
    , research_project_desc
    , student_nm
    , student_group_number
    , student_research_project_start_dt
    , student_research_project_end_dt
    , student_research_project_place
    , last_modified_dt
)
values (
    3118
    , 2231
    , 'Элементы проектирования электронных устройств'
    , 'Работа над проектированием электронных устройств'
    , 'Афонин Илья Игоревич'
    , 'ИФ-17'
    , '2019-10-01'
    , '2020-05-20'
    , 'СКБ Квантор'
    , '2020-09-20'
);

insert into research_work.scientific_research_work_of_students  (
    srws_id
    , professor_id
    , student_research_project
    , research_project_desc
    , student_nm
    , student_group_number
    , student_research_project_start_dt
    , student_research_project_end_dt
    , student_research_project_place
    , last_modified_dt
)
values (
    3118
    , 2231
    , 'Элементы проектирования электронных устройств'
    , 'Работа над проектированием электронных устройств'
    , 'Банина Марина Сергеевна'
    , 'ИФ-17'
    , '2019-10-01'
    , '2020-05-20'
    , 'СКБ Квантор'
    , '2020-09-20'
);

insert into research_work.scientific_research_work_of_students  (
    srws_id
    , professor_id
    , student_research_project
    , research_project_desc
    , student_nm
    , student_group_number
    , student_research_project_start_dt
    , student_research_project_end_dt
    , student_research_project_place
    , last_modified_dt
)
values (
    3118
    , 2231
    , 'Элементы проектирования электронных устройств'
    , 'Работа над проектированием электронных устройств'
    , 'Селезнева Анастасия Дмитриевна'
    , 'ИФ-17'
    , '2019-10-01'
    , '2020-05-20'
    , 'СКБ Квантор'
    , '2020-09-20'
);

insert into research_work.scientific_research_work_of_students  (
    srws_id
    , professor_id
    , student_research_project
    , research_project_desc
    , student_nm
    , student_group_number
    , student_research_project_start_dt
    , student_research_project_end_dt
    , student_research_project_place
    , last_modified_dt
)
values (
    3118
    , 2231
    , 'Элементы проектирования электронных устройств'
    , 'Работа над проектированием электронных устройств'
    , 'Меркушин Валентин Олегович'
    , 'ИФ-17'
    , '2019-10-01'
    , '2020-05-20'
    , 'СКБ Квантор'
    , '2020-09-20'
);

insert into research_work.scientific_research_work_of_students  (
    srws_id
    , professor_id
    , student_research_project
    , research_project_desc
    , student_nm
    , student_group_number
    , student_research_project_start_dt
    , student_research_project_end_dt
    , student_research_project_place
    , last_modified_dt
)
values (
    3118
    , 2231
    , 'Элементы проектирования электронных устройств'
    , 'Работа над проектированием электронных устройств'
    , 'Соловьев Вадим Львович'
    , 'МИ-17'
    , '2019-10-01'
    , '2020-05-20'
    , 'СКБ Квантор'
    , '2020-09-20'
);

insert into research_work.scientific_research_work_of_students  (
    srws_id
    , professor_id
    , student_research_project
    , research_project_desc
    , student_nm
    , student_group_number
    , student_research_project_start_dt
    , student_research_project_end_dt
    , student_research_project_place
    , last_modified_dt
)
values (
    3118
    , 2231
    , 'Элементы проектирования электронных устройств'
    , 'Работа над проектированием электронных устройств'
    , 'Федотов Степан Алексеевич'
    , 'МИ-17'
    , '2019-10-01'
    , '2020-05-20'
    , 'СКБ Квантор'
    , '2020-09-20'
);

insert into research_work.scientific_research_work_of_students  (
    srws_id
    , professor_id
    , student_research_project
    , research_project_desc
    , student_nm
    , student_group_number
    , student_research_project_start_dt
    , student_research_project_end_dt
    , student_research_project_place
    , last_modified_dt
)
values (
    3107
    , 2237
    , 'Развитие у студентов конструктивного компонента умственной деятельности в области геометрии'
    , 'Развитие у студентов конструктивного компонента умственной деятельности в области геометрии'
    , 'Федорова Марина Юрьевна'
    , 'МИ-18'
    , '2019-09-15'
    , '2020-05-30'
    , 'Кафедра МиИ'
    , '2020-09-20'
);

insert into research_work.scientific_research_work_of_students  (
    srws_id
    , professor_id
    , student_research_project
    , research_project_desc
    , student_nm
    , student_group_number
    , student_research_project_start_dt
    , student_research_project_end_dt
    , student_research_project_place
    , last_modified_dt
)
values (
    3107
    , 2237
    , 'Развитие у студентов конструктивного компонента умственной деятельности в области геометрии'
    , 'Развитие у студентов конструктивного компонента умственной деятельности в области геометрии'
    , 'Веселова Арина Игоревна'
    , 'МИ-18'
    , '2019-09-15'
    , '2020-05-30'
    , 'Кафедра МиИ'
    , '2020-09-20'
);

insert into research_work.scientific_research_work_of_students  (
    srws_id
    , professor_id
    , student_research_project
    , research_project_desc
    , student_nm
    , student_group_number
    , student_research_project_start_dt
    , student_research_project_end_dt
    , student_research_project_place
    , last_modified_dt
)
values (
    3107
    , 2237
    , 'Развитие у студентов конструктивного компонента умственной деятельности в области геометрии'
    , 'Развитие у студентов конструктивного компонента умственной деятельности в области геометрии'
    , 'Юсупова Лия Сергеевна'
    , 'МИ-18'
    , '2019-09-15'
    , '2020-05-30'
    , 'Кафедра МиИ'
    , '2020-09-20'
);

insert into research_work.publication_of_faculty_staff  (
    publication_id
    , professor_id
    , publication_title
    , publication_type
    , article_type
    , description_of_publication
    , publication_page_cnt
    , last_modified_dt
)
values (
    796
    , 2231
    , 'Изменение отражающей способности соленого льда при микроволновых измерениях'
    , 2
    , 2
    , 'Естественные и технические науки. 2019. № 10 (136). С. 20-23.'
    , 4
    , '2020-09-20'
);

insert into research_work.publication_of_faculty_staff  (
    publication_id
    , professor_id
    , publication_title
    , publication_type
    , description_of_publication
    , publication_page_cnt
    , last_modified_dt
)
values (
    597
    , 2231
    , 'Учебное проектирование электронных устройств'
    , 4
    , 'Чита, 2018'
    , 136
    , '2020-09-20'
);

insert into research_work.publication_of_faculty_staff  (
    publication_id
    , professor_id
    , publication_title
    , publication_type
    , description_of_publication
    , publication_page_cnt
    , last_modified_dt
)
values (
    703
    , 2231
    , 'Моделирование электронных систем источник-приёмник'
    , 4
    , 'Чита, 2019'
    , 159
    , '2020-09-20'
);

insert into research_work.publication_of_faculty_staff  (
    publication_id
    , professor_id
    , publication_title
    , publication_type
    , description_of_publication
    , publication_page_cnt
    , last_modified_dt
)
values (
    744
    , 2231
    , 'Моделирование цифровых схем'
    , 4
    , 'Чита, 2019'
    , 128
    , '2020-09-20'
);

insert into research_work.publication_of_faculty_staff  (
    publication_id
    , professor_id
    , publication_title
    , publication_type
    , description_of_publication
    , publication_page_cnt
    , last_modified_dt
)
values (
    813
    , 2231
    , 'Физические основы моделирования электронных систем'
    , 4
    , 'Чита, 2020'
    , 137
    , '2020-09-20'
);

insert into research_work.publication_of_faculty_staff  (
    publication_id
    , professor_id
    , publication_title
    , publication_type
    , article_type
    , description_of_publication
    , publication_page_cnt
    , last_modified_dt
)
values (
    499
    , 2235
    , 'SOLUTION OF BOUNDARY VALUE PROBLEMS IN CYLINDERS WITH TWO-LAYER FILM INCLUSIONS'
    , 2
    , 3
    , 'Journal of Mathematical Sciences. 2018. Т. 230. №1. С. 55-59.'
    , 5
    , '2020-09-20'
);

insert into research_work.publication_of_faculty_staff  (
    publication_id
    , professor_id
    , publication_title
    , publication_type
    , article_type
    , description_of_publication
    , publication_page_cnt
    , last_modified_dt
)
values (
    501
    , 2235
    , 'О решении краевых задач для уравнения Пуассона в кусочно-однородных областях, ограниченных параболами'
    , 2
    , 2
    , 'Ученые записки Забайкальского государственного университета. 2018. Т. 13. № 4. С. 33-41.'
    , 9
    , '2020-09-20'
);

insert into research_work.publication_of_faculty_staff  (
    publication_id
    , professor_id
    , publication_title
    , publication_type
    , article_type
    , description_of_publication
    , publication_page_cnt
    , last_modified_dt
)
values (
    641
    , 2235
    , 'Об установившихся процессах на плоскости с круговым включением, экранированным двухслойной пленкой'
    , 2
    , 2
    , 'Журнал вычислительной математики и математической физики. 2019. Т. 59. №9. С. 1546-1553.'
    , 8
    , '2020-09-20'
);

insert into research_work.publication_of_faculty_staff  (
    publication_id
    , professor_id
    , publication_title
    , publication_type
    , article_type
    , description_of_publication
    , publication_page_cnt
    , last_modified_dt
)
values (
    659
    , 2235
    , 'Решение краевых задач для уравнения пуассона на полуплоскости, ограниченной плёнкой'
    , 2
    , 2
    , 'Ученые записки Забайкальского государственного университета. 2019. Т. 14. №3. С. 24-30.'
    , 7
    , '2020-09-20'
);

insert into research_work.publication_of_faculty_staff  (
    publication_id
    , professor_id
    , publication_title
    , publication_type
    , article_type
    , description_of_publication
    , publication_page_cnt
    , last_modified_dt
)
values (
    682
    , 2235
    , 'Однослойные плёнки на границе круга для уравнения пуассона'
    , 2
    , 2
    , 'Ученые записки Забайкальского государственного университета. 2019. Т. 14. №3. С. 31-40.'
    , 10
    , '2020-09-20'
);

insert into research_work.faculty_staff_x_publication  (
    professor_id
    , publication_id
    , name
    , last_modified_dt
)
values (
    796
    , 2231
    , 'Иванов Владимир Борисович'
    , '2020-09-20'
);

insert into research_work.faculty_staff_x_publication  (
    professor_id
    , publication_id
    , name
    , last_modified_dt
)
values (
    597
    , 2231
    , 'Иванов Владимир Борисович'
    , '2020-09-20'
);

insert into research_work.faculty_staff_x_publication  (
    professor_id
    , publication_id
    , name
    , last_modified_dt
)
values (
    703
    , 2231
    , 'Иванов Владимир Борисович'
    , '2020-09-20'
);

insert into research_work.faculty_staff_x_publication  (
    professor_id
    , publication_id
    , name
    , last_modified_dt
)
values (
    744
    , 2231
    , 'Иванов Владимир Борисович'
    , '2020-09-20'
);

insert into research_work.faculty_staff_x_publication  (
    professor_id
    , publication_id
    , name
    , last_modified_dt
)
values (
    813
    , 2231
    , 'Иванов Владимир Борисович'
    , '2020-09-20'
);

insert into research_work.faculty_staff_x_publication  (
    professor_id
    , publication_id
    , name
    , last_modified_dt
)
values (
    499
    , 2235
    , 'Морозов Святослав Евгеньевич'
    , '2020-09-20'
);

insert into research_work.faculty_staff_x_publication  (
    professor_id
    , publication_id
    , name
    , last_modified_dt
)
values (
    501
    , 2235
    , 'Морозов Святослав Евгеньевич'
    , '2020-09-20'
);

insert into research_work.faculty_staff_x_publication  (
    professor_id
    , publication_id
    , name
    , last_modified_dt
)
values (
    641
    , 2235
    , 'Морозов Святослав Евгеньевич'
    , '2020-09-20'
);

insert into research_work.faculty_staff_x_publication  (
    professor_id
    , publication_id
    , name
    , last_modified_dt
)
values (
    659
    , 2235
    , 'Морозов Святослав Евгеньевич'
    , '2020-09-20'
);

insert into research_work.faculty_staff_x_publication  (
    professor_id
    , publication_id
    , name
    , last_modified_dt
)
values (
    682
    , 2235
    , 'Морозов Святослав Евгеньевич'
    , '2020-09-20'
);


